﻿<?xml version="1.0" encoding="utf-8" ?>
<SpecialCharacter>
  <Character Value="ộ" Hexa="&#7897;" />
  <Character Value="ụ" Hexa="&#7909;" />
  <Character Value="ạ" Hexa="&#7841;" />
  <Character Value="ş" Hexa="&#351;" />
  <Character Value="ț" Hexa="&#355;" />
  <Character Value="ô" Hexa="&#244;" />
  <Character Value="Ô" Hexa="&#212;" />
  <Character Value="ệ" Hexa="&#7879;" />
  <Character Value="ể" Hexa="&#7875;" />
  <Character Value="ů" Hexa="&#367;" />
  <Character Value="Ě" Hexa="&#282;" />
  <Character Value="ě" Hexa="&#283;" />
  <Character Value="Č" Hexa="&#268;" />
  <Character Value="č" Hexa="&#269;" />
  <Character Value="é" Hexa="&#233;" />
  <Character Value="ż" Hexa="&#380;" />
  <Character Value="Ż" Hexa="&#379;" />
  <Character Value="ń" Hexa="&#324;" />
  <Character Value="Ń" Hexa="&#323;" />
  <Character Value="ğ" Hexa="&#287;" />
  <Character Value="Ğ" Hexa="&#286;" />
  <Character Value="ə" Hexa="&#601;" />
  <Character Value="Ș" Hexa="&#536;" />
  <Character Value="ș" Hexa="&#537;" />
  <Character Value="ö" Hexa="&#246;" />
  <Character Value="Ö" Hexa="&#214;" />
  <Character Value="ó" Hexa="&#243;" />
  <Character Value="Ó" Hexa="&#211;" />
  <Character Value="Í" Hexa="&#205;" />
  <Character Value="í" Hexa="&#237;" />
  <Character Value="Ê" Hexa="&#202;" />
  <Character Value="ê" Hexa="&#234;" />
  <Character Value="Ç" Hexa="&#199;" />
  <Character Value="ç" Hexa="&#231;" />
  <Character Value="À" Hexa="&#192;" />
  <Character Value="à" Hexa="&#224;" />
  <Character Value="Ä" Hexa="&#196;" />
  <Character Value="ä" Hexa="&#228;" />
  <Character Value="Á" Hexa="&#193;" />
  <Character Value="á" Hexa="&#225;" />
  <Character Value="Ă" Hexa="&#258;" />
  <Character Value="ă" Hexa="&#259;" />
  <Character Value="Ā" Hexa="&#256;" />
  <Character Value="ā" Hexa="&#257;" />
  <Character Value="Ī" Hexa="&#298;" />
  <Character Value="ī" Hexa="&#299;" />
  <Character Value="Ž" Hexa="&#381;" />
  <Character Value="ž" Hexa="&#382;" />
  <Character Value="Ř" Hexa="&#344;" />
  <Character Value="ř" Hexa="&#345;" />
  <Character Value="£" Hexa="&#163;" />
  <Character Value="Đ" Hexa="&#272;" />
  <Character Value="đ" Hexa="&#273;" />
  <Character Value="Š" Hexa="&#352;" />
  <Character Value="š" Hexa="&#353;" />
  <Character Value="ć" Hexa="&#263;" />
  <Character Value="Ć" Hexa="&#262;" />
  <Character Value="ã" Hexa="&#x00E3;" />
  <Character Value="É" Hexa="&#x00C9;" />
  <Character Value="ä" Hexa="&#x00E4;" />
  <Character Value="¿" Hexa="&#x00BF;" />
  <Character Value="è" Hexa="&#x00E8;" />
  <Character Value="é" Hexa="&#x00E9;" />
  <Character Value="²" Hexa="&#x00B2;" />
  <Character Value="ł" Hexa="&#322;" />
  <Character Value="Ł" Hexa="&#321;" />
  <Character Value="Ś" Hexa="&#346;" />
  <Character Value="ś" Hexa="&#347;" />
  <Character Value="ą" Hexa="&#261;" />
  <Character Value="Ą" Hexa="&#260;" />
</SpecialCharacter>
