{  "contactInformation": [    {      "link": "https://www.uts.edu.au/scholarship/international-research-scholarship",      "hasPostalAddress": {        "addressCountry": "aus",        "addressLocality": "Locality"      }    }  ],  "hasProvenance": {    "contactPoint": "fundingprojectteam@aptaracorp.com",    "createdOn": "2011-10-13T21:39:36",    "defunct": false,    "derivedFrom": "http://www.uts.edu.au/",    "hidden": false,    "status": "UPDATE",    "version": "0",    "wasAttributedTo": "SUP002"  },  "title": [    {      "language": "en",      "value": "International Research Scholarship"    }  ],  "synopsis": [    {      "abstract": {        "language": "en",        "value": "<p>The UTS International Research Scholarship (UTS IRS) is provided by the University of Technology, Sydney (UTS) as part of its long term commitment to internationalisation with a particular view to enhancing its international links and profile in research. It is aimed at attracting high quality international students to work in areas of research strength at UTS. Each year, UTS offers up to 60 UTS IRS to eligible Higher Degree Research candidates who demonstrate exceptional research potential.</p>"      },      "source": "https://www.uts.edu.au/scholarship/international-research-scholarship"    }  ],  "subjectMatter": [    {      "abstract": {        "language": "en",        "value": "<ul>\r\n<li>Agricultural and Biological Sciences</li>\r\n<li>Arts and Humanities</li>\r\n<li>Biochemistry, Genetics and Molecular Biology</li>\r\n<li>Business, Management and Accounting</li>\r\n<li>Chemical Engineering</li>\r\n<li>Chemistry</li>\r\n<li>Computer Science</li>\r\n<li>Decision Sciences</li>\r\n<li>Dentistry</li>\r\n<li>Earth and Planetary Sciences</li>\r\n<li>Economics, Econometrics and Finance</li>\r\n<li>Energy</li>\r\n<li>Engineering</li>\r\n<li>Environmental Science</li>\r\n<li>Health Professions</li>\r\n<li>Immunology and Microbiology</li>\r\n<li>Materials Science</li>\r\n<li>Mathematics</li>\r\n<li>Medicine</li>\r\n<li>Neuroscience</li>\r\n<li>Nursing</li>\r\n<li>Pharmacology, Toxicology and Pharmaceutics</li>\r\n<li>Physics and Astronomy</li>\r\n<li>Psychology</li>\r\n<li>Social Sciences</li>\r\n<li>Veterinary</li>\r\n</ul>"      },      "source": "https://www.uts.edu.au/scholarship/international-research-scholarship"    }  ],  "homePage": {    "link": "http://www.uts.edu.au/"  },  "opportunityDate": {    "cycle": [      {        "decision": [          {            "limitation": "NOTSPECIFIED",            "required": false          }        ],        "index": 0,        "label": "May      2020 round",        "letterOfIntent": [          {            "limitation": "NOTSPECIFIED",            "required": false          }        ],        "preproposal": [          {            "limitation": "NOTSPECIFIED",            "required": false          }        ],        "proposal": [          {            "limitation": "SPECIFIED",            "date": "2026-05-04T00:00:00",            "required": true,            "description": {              "abstract": {                "value": "Applications close 15 February 2018 for Spring (July) 2018 intake"              },              "source": "http://www.uts.edu.au/"            }          }        ]      }    ]  },  "eligibilityClassification": {    "limitedSubmission": {      "limitation": "NOTSPECIFIED",      "description": [        {          "abstract": {            "language": "en",            "value": "NOTSPECIFIED"          },          "source": "NOTSPECIFIED"        }      ]    },    "individualEligibility": {      "limitation": "NOTSPECIFIED"    },    "organisationEligibility": {      "limitation": "NOTSPECIFIED"    },    "citizenship": {      "limitation": "NOTSPECIFIED"    },    "regionSpecific": {      "limitation": "NOTSPECIFIED"    }  },  "relatedFunder": {    "leadFunder": {      "fundingBodyId": 501100001775    },    "hasFunder": [      {        "fundingBodyId": 501100001775      }    ]  },  "classification": [    {      "type": "Classification",      "hasSubject": {        "preferredLabel": "Agricultural and Biological Sciences",        "identifier": {          "type": "ASJC",          "value": "1100"        }      }    },    {      "type": "Classification",      "hasSubject": {        "preferredLabel": "Arts and Humanities",        "identifier": {          "type": "ASJC",          "value": "1200"        }      }    },    {      "type": "Classification",      "hasSubject": {        "preferredLabel": "Biochemistry, Genetics and Molecular Biology",        "identifier": {          "type": "ASJC",          "value": "1300"        }      }    },    {      "type": "Classification",      "hasSubject": {        "preferredLabel": "Business, Management and Accounting",        "identifier": {          "type": "ASJC",          "value": "1400"        }      }    },    {      "type": "Classification",      "hasSubject": {        "preferredLabel": "Chemical Engineering",        "identifier": {          "type": "ASJC",          "value": "1500"        }      }    },    {      "type": "Classification",      "hasSubject": {        "preferredLabel": "Chemistry",        "identifier": {          "type": "ASJC",          "value": "1600"        }      }    },    {      "type": "Classification",      "hasSubject": {        "preferredLabel": "Computer Science",        "identifier": {          "type": "ASJC",          "value": "1700"        }      }    },    {      "type": "Classification",      "hasSubject": {        "preferredLabel": "Decision Sciences",        "identifier": {          "type": "ASJC",          "value": "1800"        }      }    },    {      "type": "Classification",      "hasSubject": {        "preferredLabel": "Dentistry",        "identifier": {          "type": "ASJC",          "value": "3500"        }      }    },    {      "type": "Classification",      "hasSubject": {        "preferredLabel": "Earth and Planetary Sciences",        "identifier": {          "type": "ASJC",          "value": "1900"        }      }    },    {      "type": "Classification",      "hasSubject": {        "preferredLabel": "Economics, Econometrics and Finance",        "identifier": {          "type": "ASJC",          "value": "2000"        }      }    },    {      "type": "Classification",      "hasSubject": {        "preferredLabel": "Energy",        "identifier": {          "type": "ASJC",          "value": "2100"        }      }    },    {      "type": "Classification",      "hasSubject": {        "preferredLabel": "Engineering",        "identifier": {          "type": "ASJC",          "value": "2200"        }      }    },    {      "type": "Classification",      "hasSubject": {        "preferredLabel": "Environmental Science",        "identifier": {          "type": "ASJC",          "value": "2300"        }      }    },    {      "type": "Classification",      "hasSubject": {        "preferredLabel": "Health Professions",        "identifier": {          "type": "ASJC",          "value": "3600"        }      }    },    {      "type": "Classification",      "hasSubject": {        "preferredLabel": "Immunology and Microbiology",        "identifier": {          "type": "ASJC",          "value": "2400"        }      }    },    {      "type": "Classification",      "hasSubject": {        "preferredLabel": "Materials Science",        "identifier": {          "type": "ASJC",          "value": "2500"        }      }    },    {      "type": "Classification",      "hasSubject": {        "preferredLabel": "Mathematics",        "identifier": {          "type": "ASJC",          "value": "2600"        }      }    },    {      "type": "Classification",      "hasSubject": {        "preferredLabel": "Medicine",        "identifier": {          "type": "ASJC",          "value": "2700"        }      }    },    {      "type": "Classification",      "hasSubject": {        "preferredLabel": "Neuroscience",        "identifier": {          "type": "ASJC",          "value": "2800"        }      }    },    {      "type": "Classification",      "hasSubject": {        "preferredLabel": "Nursing",        "identifier": {          "type": "ASJC",          "value": "2900"        }      }    },    {      "type": "Classification",      "hasSubject": {        "preferredLabel": "Pharmacology, Toxicology and Pharmaceutics",        "identifier": {          "type": "ASJC",          "value": "3000"        }      }    },    {      "type": "Classification",      "hasSubject": {        "preferredLabel": "Physics and Astronomy",        "identifier": {          "type": "ASJC",          "value": "3100"        }      }    },    {      "type": "Classification",      "hasSubject": {        "preferredLabel": "Psychology",        "identifier": {          "type": "ASJC",          "value": "3200"        }      }    },    {      "type": "Classification",      "hasSubject": {        "preferredLabel": "Social Sciences",        "identifier": {          "type": "ASJC",          "value": "3300"        }      }    },    {      "type": "Classification",      "hasSubject": {        "preferredLabel": "Veterinary",        "identifier": {          "type": "ASJC",          "value": "3400"        }      }    }  ],  "funderSchemeType": "Training, scholarship, or fellowship",  "fundingBodyOpportunityId": "Not Available",  "grantOpportunityId": 501300054377,  "grantType": "TRAINING",  "repeatingOpportunity": false,  "numberOfAwards": 60,  "status": "INACTIVE"}