{  "contactInformation": [    {      "link": "http://www.daaddelhi.org/en/23042/index.html",      "hasPostalAddress": {        "addressCountry": "ind",        "addressLocality": "Locality"      },      "contactPerson": [        {          "givenName": "Anuroopa",          "familyName": "Dixit",          "emailAddress": "dixit@daaddelhi.org"        }      ]    }  ],  "hasProvenance": {    "contactPoint": "fundingprojectteam@aptaracorp.com",    "createdOn": "2014-01-21T13:53:09",    "defunct": false,    "derivedFrom": "http://www.daaddelhi.org/en/23042/index.html",    "hidden": false,    "status": "UPDATE",    "version": "0",    "wasAttributedTo": "SUP002"  },  "title": [    {      "language": "en",      "value": "For Sri Lankan Post Docs, Academicians & Senior Scientists- Leibniz-DAAD Research Fellowships"    }  ],  "synopsis": [    {      "abstract": {        "language": "en",        "value": "<p>This programme is jointly implemented by the Leibniz Association and the German Academic Exchange Service (DAAD). Highly-qualified, international postdoctoral researchers, who have recently completed their doctoral studies, can apply to conduct research at the Leibniz Institute of their choice in Germany.</p>"      },      "source": "http://www.daaddelhi.org/en/23042/index.html"    }  ],  "subjectMatter": [    {      "abstract": {        "language": "en",        "value": "Agricultural and Biological Sciences\r\nArts and Humanities\r\nBiochemistry, Genetics and Molecular Biology\r\nBusiness, Management and Accounting\r\nChemical Engineering\r\nChemistry\r\nComputer Science\r\nDecision Sciences\r\nDentistry\r\nEarth and Planetary Sciences\r\nEconomics, Econometrics and Finance\r\nEnergy\r\nEngineering\r\nEnvironmental Science\r\nHealth Professions\r\nImmunology and Microbiology\r\nMaterials Science\r\nMathematics\r\nMedicine\r\nNeuroscience\r\nNursing\r\nPharmacology, Toxicology and Pharmaceutics\r\nPhysics and Astronomy\r\nPsychology\r\nSocial Sciences\r\nVeterinary"      },      "source": "http://www.daaddelhi.org/en/23042/index.html"    }  ],  "homePage": {    "link": "http://www.daaddelhi.org/en/23042/index.html"  },  "opportunityDate": {    "cycle": [      {        "decision": [          {            "limitation": "NOTSPECIFIED",            "required": false          }        ],        "index": 0,        "label": "May      2020 round",        "letterOfIntent": [          {            "limitation": "NOTSPECIFIED",            "required": false          }        ],        "preproposal": [          {            "limitation": "NOTSPECIFIED",            "required": false          }        ],        "proposal": [          {            "limitation": "SPECIFIED",            "date": "2026-05-26T00:00:00",            "required": true,            "description": {              "abstract": {                "value": "Application Deadline: 9 March"              },              "source": "http://www.daaddelhi.org/en/23042/index.html"            }          }        ]      }    ]  },  "eligibilityClassification": {    "limitedSubmission": {      "limitation": "NOTSPECIFIED",      "description": [        {          "abstract": {            "language": "en",            "value": "NOTSPECIFIED"          },          "source": "NOTSPECIFIED"        }      ]    },    "individualEligibility": {      "limitation": "NOTSPECIFIED"    },    "organisationEligibility": {      "limitation": "NOTSPECIFIED"    },    "citizenship": {      "limitation": "NOTSPECIFIED"    },    "regionSpecific": {      "limitation": "NOTSPECIFIED"    }  },  "relatedFunder": {    "leadFunder": {      "fundingBodyId": 501100001650    },    "hasFunder": [      {        "fundingBodyId": 501100001650      }    ]  },  "classification": [    {      "type": "Classification",      "hasSubject": {        "preferredLabel": "Agricultural and Biological Sciences",        "identifier": {          "type": "ASJC",          "value": "1100"        }      }    },    {      "type": "Classification",      "hasSubject": {        "preferredLabel": "Arts and Humanities",        "identifier": {          "type": "ASJC",          "value": "1200"        }      }    },    {      "type": "Classification",      "hasSubject": {        "preferredLabel": "Biochemistry, Genetics and Molecular Biology",        "identifier": {          "type": "ASJC",          "value": "1300"        }      }    },    {      "type": "Classification",      "hasSubject": {        "preferredLabel": "Business, Management and Accounting",        "identifier": {          "type": "ASJC",          "value": "1400"        }      }    },    {      "type": "Classification",      "hasSubject": {        "preferredLabel": "Chemical Engineering",        "identifier": {          "type": "ASJC",          "value": "1500"        }      }    },    {      "type": "Classification",      "hasSubject": {        "preferredLabel": "Chemistry",        "identifier": {          "type": "ASJC",          "value": "1600"        }      }    },    {      "type": "Classification",      "hasSubject": {        "preferredLabel": "Computer Science",        "identifier": {          "type": "ASJC",          "value": "1700"        }      }    },    {      "type": "Classification",      "hasSubject": {        "preferredLabel": "Decision Sciences",        "identifier": {          "type": "ASJC",          "value": "1800"        }      }    },    {      "type": "Classification",      "hasSubject": {        "preferredLabel": "Dentistry",        "identifier": {          "type": "ASJC",          "value": "3500"        }      }    },    {      "type": "Classification",      "hasSubject": {        "preferredLabel": "Earth and Planetary Sciences",        "identifier": {          "type": "ASJC",          "value": "1900"        }      }    },    {      "type": "Classification",      "hasSubject": {        "preferredLabel": "Economics, Econometrics and Finance",        "identifier": {          "type": "ASJC",          "value": "2000"        }      }    },    {      "type": "Classification",      "hasSubject": {        "preferredLabel": "Energy",        "identifier": {          "type": "ASJC",          "value": "2100"        }      }    },    {      "type": "Classification",      "hasSubject": {        "preferredLabel": "Engineering",        "identifier": {          "type": "ASJC",          "value": "2200"        }      }    },    {      "type": "Classification",      "hasSubject": {        "preferredLabel": "Environmental Science",        "identifier": {          "type": "ASJC",          "value": "2300"        }      }    },    {      "type": "Classification",      "hasSubject": {        "preferredLabel": "Health Professions",        "identifier": {          "type": "ASJC",          "value": "3600"        }      }    },    {      "type": "Classification",      "hasSubject": {        "preferredLabel": "Immunology and Microbiology",        "identifier": {          "type": "ASJC",          "value": "2400"        }      }    },    {      "type": "Classification",      "hasSubject": {        "preferredLabel": "Materials Science",        "identifier": {          "type": "ASJC",          "value": "2500"        }      }    },    {      "type": "Classification",      "hasSubject": {        "preferredLabel": "Mathematics",        "identifier": {          "type": "ASJC",          "value": "2600"        }      }    },    {      "type": "Classification",      "hasSubject": {        "preferredLabel": "Medicine",        "identifier": {          "type": "ASJC",          "value": "2700"        }      }    },    {      "type": "Classification",      "hasSubject": {        "preferredLabel": "Neuroscience",        "identifier": {          "type": "ASJC",          "value": "2800"        }      }    },    {      "type": "Classification",      "hasSubject": {        "preferredLabel": "Nursing",        "identifier": {          "type": "ASJC",          "value": "2900"        }      }    },    {      "type": "Classification",      "hasSubject": {        "preferredLabel": "Pharmacology, Toxicology and Pharmaceutics",        "identifier": {          "type": "ASJC",          "value": "3000"        }      }    },    {      "type": "Classification",      "hasSubject": {        "preferredLabel": "Physics and Astronomy",        "identifier": {          "type": "ASJC",          "value": "3100"        }      }    },    {      "type": "Classification",      "hasSubject": {        "preferredLabel": "Psychology",        "identifier": {          "type": "ASJC",          "value": "3200"        }      }    },    {      "type": "Classification",      "hasSubject": {        "preferredLabel": "Social Sciences",        "identifier": {          "type": "ASJC",          "value": "3300"        }      }    },    {      "type": "Classification",      "hasSubject": {        "preferredLabel": "Veterinary",        "identifier": {          "type": "ASJC",          "value": "3400"        }      }    }  ],  "funderSchemeType": "Training, scholarship, or fellowship",  "fundingBodyOpportunityId": "Not Available",  "grantOpportunityId": 501300191985,  "grantType": "TRAINING",  "repeatingOpportunity": false,  "numberOfAwards": 0,  "status": "INACTIVE"}